{"cameraMode":{"drawMode":0,"name":"Shaded","section":"Shading Mode"},"sceneLighting":true,"audioPlay":false,"sceneViewState":{"showFog":false,"showMaterialUpdate":false,"showSkybox":true,"showFlares":true,"showImageEffects":true,"showParticleSystems":true},"in2DMode":false,"pivot":{"x":21.458751678466798,"y":43.44988250732422,"z":-24.12993621826172},"rotation":{"x":0.007525548338890076,"y":0.9915289282798767,"z":-0.11082473397254944,"w":0.0673297718167305},"size":27.887453079223634,"orthographic":false}